Paper_No,BOD,BOD_clade,Fecal,Fecal_five,TDS,TDS_four,TP,TP_Cla,WT,Thermal_Cla,TN_nitrite1,TN_Cla
P1_1,83.64790535,Worst,3446.526367,Poor,404.367068,Excellent,0.691708679,Moderate,17.84685961,Cool,2.016148806,Class5
P1_2,0.002156296,Best,0.522144713,Excellent,7.333523194,Excellent,0.471989502,Low,27.44384702,Hot,0.600511611,Class3
P1_3,0.002069087,Best,0.427658298,Excellent,8.958429257,Excellent,0.51275824,Low,27.62186368,Hot,0.594929934,Class3
P1_4,1.580352296,Best,259.2560959,Normal,59.08103879,Excellent,0.453059784,Low,26.84999275,Hot,0.516970098,Class3
P1_5,6.742644568,Normal,1455.560562,Poor,568.6254781,Moderate,0.565540222,Low,17.34041782,Cool,1.355368853,Class4
P1_6,1720.654898,Worst,1037236.048,Unsafe,30304.93077,Unsafe,0.641212463,Moderate,15.69073673,Cool,1.455815792,Class4
P1_7,276.4065145,Worst,6437.953308,Unsafe,6829.352214,Unsafe,0.467762573,Low,22.28824552,Warm,1.042352676,Class4
P1_8,3.902970165,Good,484.7798487,Normal,428.1065992,Excellent,0.467762573,Low,22.12305133,Warm,1.055065155,Class4
P1_9,394.2682048,Worst,101309.6064,Unsafe,51176.87889,Unsafe,0.49280191,Low,22.27350044,Warm,1.061354756,Class4
P1_10,32.55968044,Worst,7730.98822,Unsafe,197.1036599,Excellent,0.429958984,Low,27.33844694,Hot,0.614219964,Class3
P1_11,84.52837706,Worst,74772.32729,Unsafe,989.3917313,Moderate,0.43104129,Low,26.39695422,Hot,0.518005073,Class3
P1_12,56.73471292,Worst,84463.51888,Unsafe,422.6646474,Excellent,0.34294278,Low,27.85834185,Hot,0.506928027,Class3
P1_13,7.386003812,Worse,3863.07017,Poor,80.01639748,Excellent,0.581576538,Low,22.07544136,Warm,0.729950964,Class3
P3_1,873.3337491,Worst,710483.5775,Unsafe,5276.437571,Unsafe,0.599313782,Low,16.46080971,Cool,1.186360717,Class4
P3_2,873.3337491,Worst,710483.5775,Unsafe,5276.437571,Unsafe,0.599313782,Low,16.46080971,Cool,1.137735605,Class4
P3_3,204.3358637,Worst,233659.8509,Unsafe,1345.080154,Poor,0.599313782,Low,16.40376218,Cool,1.11342299,Class4
P3_4,204.3358637,Worst,233659.8509,Unsafe,1345.080154,Poor,0.599313782,Low,16.40376218,Cool,1.086036444,Class4
P3_5,144.6268361,Worst,141028.6663,Unsafe,944.9909643,Moderate,0.641212463,Moderate,15.86825748,Cool,1.453013062,Class4
P3_6,62.63850307,Worst,40362.79997,Unsafe,556.8101756,Moderate,0.641212463,Moderate,17.10787642,Cool,1.405453324,Class4
P3_7,970.7306763,Worst,680374.054,Unsafe,6675.008685,Unsafe,0.599313782,Low,16.73493894,Cool,1.277742386,Class4
P3_8,873.3337491,Worst,710483.5775,Unsafe,5276.437571,Unsafe,0.599313782,Low,16.46080971,Cool,1.216821313,Class4
P4_1,21.27212483,Worst,7334.898519,Unsafe,364.0198123,Excellent,0.514630066,Low,17.79025451,Cool,0.809277833,Class3
P4_2,2.504982452,Good,585.5624364,Normal,207.0350393,Excellent,0.406485138,Low,22.07346026,Warm,0.750326931,Class3
P4_3,15.1959571,Worst,6493.564789,Unsafe,491.7658145,Excellent,0.561221069,Low,24.15622902,Warm,0.901677787,Class3
P4_4,16.89485697,Worst,9512.51178,Unsafe,189.7338454,Excellent,0.412378571,Low,22.41433652,Warm,0.770686984,Class3
P4_5,32.36301398,Worst,16580.88336,Unsafe,292.775184,Excellent,0.390536408,Low,23.60737292,Warm,0.937984765,Class3
P4_6,35.01100953,Worst,8998.8137,Unsafe,8541.857585,Unsafe,0.390536408,Low,23.44708188,Warm,0.914511859,Class3
P4_7,17.43057412,Worst,11697.91673,Unsafe,593.9651248,Moderate,0.561576721,Low,18.25510597,Cool,1.057219148,Class4
P4_8,0.389859354,Best,104.396464,Good,81.29012235,Excellent,0.406986481,Low,21.01777077,Warm,0.952573597,Class3
P4_9,16.64368165,Worst,2722.174937,Poor,199.5683467,Excellent,0.448675598,Low,21.62764422,Warm,1.025991797,Class4
P4_10,479.3977582,Worst,272741.3389,Unsafe,37154.86334,Unsafe,0.81973645,Moderate,16.22388379,Cool,1.457870126,Class4
P6_1,2.258060118,Good,990.7628708,Normal,266.7324651,Excellent,0.675365234,Moderate,15.51661857,Cool,0.489579529,Class2
P6_2,783.5314736,Worst,1911796.561,Unsafe,2971.377317,Poor,0.727487183,Moderate,14.3235008,Cold,1.433950782,Class4
P6_3,15.9159836,Worst,6658.230286,Unsafe,1192.952887,Poor,0.714167969,Moderate,13.82887949,Cold,1.164962292,Class4
P6_4,14.07962133,Worse,33911.69735,Unsafe,584.9825045,Moderate,0.740922424,Moderate,13.94064502,Cold,1.174287677,Class4
P6_5,6.02292305,Normal,7684.097707,Unsafe,220.8657532,Excellent,0.746014587,Moderate,16.00722428,Cool,0.838188231,Class3
P6_6,2.183936035,Good,1763.942332,Poor,1959.366124,Poor,0.658024353,Moderate,14.47057772,Cold,1.23954463,Class4
P6_7,12.45322782,Worse,8943.508748,Unsafe,1934.809682,Poor,0.658151489,Moderate,17.12691931,Cool,1.388785243,Class4
P6_8,122.2561683,Worst,28683.00913,Unsafe,342.776001,Excellent,0.628858704,Moderate,20.27293317,Warm,1.26625216,Class4
P6_9,27.89566571,Worst,25046.31808,Unsafe,217.6510206,Excellent,0.750560974,Moderate,14.10920886,Cold,1.09168601,Class4
P6_10,6.778063074,Normal,10619.22827,Unsafe,242.7802951,Excellent,0.727979065,Moderate,15.96552201,Cool,0.917223811,Class3
P6_11,25.62615619,Worst,13507.02905,Unsafe,1415.101098,Poor,0.6511604,Moderate,28.60604207,Hot,1.405425549,Class4
P6_12,7.6395426,Worse,15498.71086,Unsafe,207.0113792,Excellent,0.684832886,Moderate,12.59438497,Cold,1.10570085,Class4
P6_13,63.57137491,Worst,53695.90334,Unsafe,225.6289603,Excellent,0.757707642,Moderate,14.93860034,Cold,1.13207376,Class4
P6_14,118.2250549,Worst,13038.05263,Unsafe,1599.631063,Poor,0.722965637,Moderate,25.81753922,Hot,1.528882384,Class5
P6_15,27.13170499,Worst,11092.33683,Unsafe,267.6392392,Excellent,0.698870117,Moderate,15.67335431,Cool,1.087562799,Class4
P6_16,0.140480241,Best,83.88383341,Good,179.912192,Excellent,0.722965637,Moderate,19.32809349,Cool,1.348337054,Class4
P6_17,6.109296754,Normal,6062.006709,Unsafe,336.2574768,Excellent,0.629966309,Moderate,20.89437246,Warm,0.771694601,Class3
P6_18,27.37790613,Worst,4540.369751,Unsafe,3020.060242,Unsafe,0.693470459,Moderate,27.18475707,Hot,1.349963427,Class4
P6_19,6.104863848,Normal,6626.366176,Unsafe,935.4911957,Moderate,0.621473389,Moderate,26.25654475,Hot,1.113552809,Class4
P6_20,1.893212706,Best,527.7257752,Normal,11382.62455,Unsafe,0.764322022,Moderate,26.21121343,Hot,1.326888204,Class4
P6_21,143.9386759,Worst,32512.43787,Unsafe,719.8673325,Moderate,0.742217651,Moderate,13.65523446,Cold,0.843149722,Class3
P6_22,6.607909183,Normal,4898.160065,Unsafe,229.6919734,Excellent,0.757707642,Moderate,15.64886904,Cool,1.110049367,Class4
P6_23,50.80514155,Worst,125481.5613,Unsafe,403.3849602,Excellent,0.749614441,Moderate,11.97794006,Cold,0.851903677,Class3
P6_24,33.19054753,Worst,29689.16057,Unsafe,113.8107899,Excellent,0.709087647,Moderate,12.37007821,Cold,1.009972453,Class4
P11_1,2.744556005,Good,391.164355,Normal,319.5644201,Excellent,0.593210815,Low,17.43615659,Cool,0.873911083,Class3
P11_2,0.483714414,Best,198.9500421,Good,276.5189578,Excellent,0.774764648,Moderate,12.09650604,Cold,1.805573702,Class5
P11_3,8.201662203,Worse,2873.235847,Poor,1913.792074,Poor,0.601487976,Moderate,10.94216077,Cold,1.542884946,Class5
P11_4,22.35498234,Worst,4469.773244,Unsafe,937.3256607,Moderate,0.60322644,Moderate,10.98812532,Cold,0.997123003,Class3
P13_1,127.5616701,Worst,101896.9118,Unsafe,1437.841578,Poor,0.886655212,Moderate,18.07693406,Cool,1.170776844,Class4
P13_2,85.42359056,Worst,79619.01005,Unsafe,843.9024506,Moderate,0.846605225,Moderate,18.258328,Cool,1.054328799,Class4
P13_3,101.6752727,Worst,38565.25842,Unsafe,592305.2878,Unsafe,0.820784912,Moderate,17.22377956,Cool,1.089714289,Class4
P13_4,24.18571695,Worst,21685.68465,Unsafe,505.5061839,Moderate,0.65101709,Moderate,17.7018247,Cool,1.065896153,Class4
P13_5,10.02503248,Worse,6177.929712,Unsafe,4127.337691,Unsafe,0.557399719,Low,17.64067511,Cool,1.067522049,Class4
P13_6,1.14718413,Best,839.5748755,Normal,173.5187772,Excellent,0.569244812,Low,14.7319888,Cold,1.347638488,Class4
P13_7,92.05170186,Worst,74416.13362,Unsafe,2465.547489,Poor,0.847379211,Moderate,11.04836199,Cold,1.348127723,Class4
P13_8,274.2888791,Worst,125470.5077,Unsafe,8507.071298,Unsafe,0.747350281,Moderate,16.73310014,Cool,1.28259635,Class4
P15_1,668.4869871,Worst,722698.2547,Unsafe,8287.079652,Unsafe,0.94104303,Moderate,18.11667562,Cool,1.068389773,Class4
P15_2,587.5331111,Worst,290840.2352,Unsafe,3244.622712,Unsafe,0.820784912,Moderate,17.804847,Cool,1.183872223,Class4
P15_3,12.63374601,Worse,6449.339854,Unsafe,388.0309919,Excellent,0.78798291,Moderate,17.93457977,Cool,1.09703505,Class4
P15_4,0.685622551,Best,547.5444736,Normal,120.0250727,Excellent,0.65101709,Moderate,17.68532999,Cool,1.101842642,Class4
P15_5,443.3912552,Worst,551282.6315,Unsafe,3472.642879,Unsafe,0.65101709,Moderate,17.89196197,Cool,1.091028452,Class4
P15_6,0.845443773,Best,676.3289076,Normal,134.3676313,Excellent,0.65101709,Moderate,16.93109059,Cool,1.097406626,Class4
P15_7,362.7711182,Worst,507104.7505,Unsafe,2242.108709,Poor,0.523810852,Low,17.82436045,Cool,1.058536649,Class4
P15_8,406.9899768,Worst,274162.6848,Unsafe,10909.2023,Unsafe,0.569244812,Low,17.59035675,Cool,1.268961906,Class4
P15_9,150.5582054,Worst,128824.6688,Unsafe,2266.438256,Poor,0.569244812,Low,17.56574941,Cool,1.349136353,Class4
P15_10,329.9204941,Worst,211599.0911,Unsafe,29460.09887,Unsafe,0.799839233,Moderate,16.5590686,Cool,1.522071004,Class5
P15_11,275.9032913,Worst,138368.1128,Unsafe,7134.693946,Unsafe,0.747350281,Moderate,16.7063566,Cool,1.25757432,Class4
P20_1,0.01911167,Best,12.72488338,Excellent,144.046224,Excellent,0.565540222,Low,16.89204848,Cool,1.336468339,Class4
P20_2,0.019115674,Best,12.72712094,Excellent,135.1234881,Excellent,0.545305664,Low,16.89205102,Cool,1.274443388,Class4
P20_3,0.01911167,Best,12.7248835,Excellent,132.2818197,Excellent,0.551671997,Low,16.89205611,Cool,1.206689596,Class4
P20_4,0.01911167,Best,12.72488346,Excellent,138.5821279,Excellent,0.533063904,Low,16.89205611,Cool,1.226924539,Class4
P20_5,0.01911167,Best,12.7248833,Excellent,138.1712252,Excellent,0.557683167,Low,16.89205356,Cool,1.268387556,Class4
P20_6,0.01911167,Best,12.72488346,Excellent,116.2106241,Excellent,0.584513306,Low,16.89206374,Cool,1.136614442,Class4
P20_7,0.01911167,Best,12.72488346,Excellent,109.1540216,Excellent,0.609071594,Moderate,16.89205356,Cool,1.200899243,Class4
P20_8,0.01911167,Best,12.72488346,Excellent,103.8156198,Excellent,0.562213989,Low,16.89205356,Cool,1.117949724,Class4
P20_9,0.01911167,Best,12.72488338,Excellent,109.7269198,Excellent,0.562213989,Low,16.89206119,Cool,1.347662449,Class4
P21_1,70.62430938,Worst,48395.09342,Unsafe,248.0076764,Excellent,0.677877625,Moderate,10.00005257,Cold,0.603514254,Class3
P21_2,9.022434433,Worse,8094.739644,Unsafe,104.1183421,Excellent,0.705819275,Moderate,11.78166119,Cold,0.597015738,Class3
P21_3,103.850917,Worst,188491.4543,Unsafe,365.9408091,Excellent,0.681509644,Moderate,10.44443174,Cold,0.933855653,Class3
P21_4,156.3790077,Worst,2192.319606,Poor,5476.752385,Unsafe,0.660064636,Moderate,10.06212278,Cold,0.741440356,Class3
P21_5,148.972407,Worst,156277.3431,Unsafe,799.9389737,Moderate,0.660064636,Moderate,11.31745323,Cold,0.75698024,Class3
P21_6,415.344916,Worst,96490.3348,Unsafe,1481.318253,Poor,0.664596558,Moderate,14.57873217,Cold,1.070716619,Class4
P21_7,39.36227765,Worst,48395.37052,Unsafe,226.1985156,Excellent,0.64484552,Moderate,11.53292771,Cold,0.961126149,Class3
P21_8,245.8127207,Worst,136554.8315,Unsafe,198.3023283,Excellent,0.646965271,Moderate,15.76778857,Cool,1.070791364,Class4
P21_9,10.93590469,Worse,6429.855998,Unsafe,121.1945152,Excellent,0.60411322,Moderate,19.01789029,Cool,0.665500522,Class3
P21_10,109.9491947,Worst,112191.0094,Unsafe,599.8664061,Moderate,0.60411322,Moderate,19.84927305,Cool,0.71521455,Class3
P21_11,7.427679072,Worse,8201.041911,Unsafe,108.8833968,Excellent,0.462267792,Low,20.24247169,Warm,0.778178692,Class3
P21_12,1.7363123,Best,1538.746674,Poor,88.13343811,Excellent,0.549139771,Low,20.16183917,Warm,0.799853563,Class3
P21_13,83.81036111,Worst,83761.46548,Unsafe,580.4265881,Moderate,0.542286438,Low,17.51177406,Cool,0.715492129,Class3
P21_14,20.1369817,Worst,13819.79434,Unsafe,444.0287698,Excellent,0.4863591,Low,18.72869555,Cool,0.635955036,Class3
P22_1,0.026366585,Best,36.3319567,Good,102.0890745,Excellent,0.415875061,Low,23.79064115,Warm,0.345905036,Class2
P22_2,15.46507303,Worst,2412.33784,Poor,300.6256962,Excellent,0.47839978,Low,27.71841621,Hot,0.47085461,Class2
P22_3,1.944124768,Best,876.347229,Normal,49.56672064,Excellent,0.405973541,Low,27.49847603,Hot,0.449992985,Class2
P22_4,0.32657933,Best,159.6748441,Good,2.074155331,Excellent,0.443410309,Low,26.56301308,Hot,0.440182149,Class2
P22_5,1.843506202,Best,961.6065178,Normal,18.10519723,Excellent,0.426304504,Low,27.12117449,Hot,0.4650473,Class2
P22_6,468.5835749,Worst,479600.763,Unsafe,2655.019038,Poor,0.436525269,Low,24.89194934,Warm,0.882390082,Class3
P22_7,1221.523448,Worst,237600.4526,Unsafe,2025.767096,Poor,0.480507019,Low,24.98315112,Warm,0.872605264,Class3
P22_8,21.55800025,Worst,11828.95068,Unsafe,493.6875636,Excellent,0.419074219,Low,22.4666818,Warm,0.880055785,Class3
P22_9,490.291722,Worst,434190.6399,Unsafe,5360.798527,Unsafe,0.561221069,Low,24.2292881,Warm,0.913946629,Class3
P22_10,194.9624012,Worst,73438.29179,Unsafe,2085.022017,Poor,0.608178162,Moderate,23.85139402,Warm,0.835493803,Class3
P22_11,30.04593261,Worst,44703.88086,Unsafe,298.3249123,Excellent,0.353018982,Low,27.55651283,Hot,0.469145715,Class2
P24_1,0.02068294,Best,8.355482817,Excellent,148.2153142,Excellent,0.583622009,Low,22.94728533,Warm,0.49507615,Class2
P24_2,0.020685682,Best,8.356379489,Excellent,128.3707752,Excellent,0.583622009,Low,22.94729296,Warm,0.526539207,Class3
P24_3,0.02068294,Best,8.355482817,Excellent,148.2153142,Excellent,0.583622009,Low,22.94728533,Warm,0.500461936,Class3
P24_4,123.3487055,Worst,42694.00146,Unsafe,1368.913437,Poor,0.583622009,Low,23.5144647,Warm,0.502257228,Class3
P24_5,0.02068294,Best,8.355482817,Excellent,148.2153142,Excellent,0.583622009,Low,22.94728533,Warm,0.504816413,Class3
P29_1,1.219950368,Best,579.5619596,Normal,29.32337968,Excellent,0.5524021,Low,21.07986387,Warm,0.366037935,Class2
P29_2,1.488998011,Best,469.7722918,Normal,34.18943723,Excellent,0.554365051,Low,21.48620542,Warm,0.415665269,Class2
P29_3,0.104028879,Best,40.05520725,Good,16.85357714,Excellent,0.47996698,Low,21.63391558,Warm,0.293595701,Class2
P29_4,0.104028879,Best,40.05520725,Good,16.85357714,Excellent,0.47996698,Low,21.63391558,Warm,0.293595701,Class2
P29_5,0.212636778,Best,88.21615553,Good,11.06469178,Excellent,0.505675446,Low,20.33533414,Warm,0.316783816,Class2
P30_1,0.793019877,Best,706.0727768,Normal,63.26289813,Excellent,0.654761108,Moderate,23.63252703,Warm,0.665980637,Class3
P30_2,0.793019877,Best,706.0727768,Normal,63.26289813,Excellent,0.654761108,Moderate,23.63252703,Warm,0.667354703,Class3
P30_3,0.010310216,Best,9.682874918,Excellent,63.09294669,Excellent,0.654761108,Moderate,23.65674527,Warm,0.657375693,Class3
P30_4,1772.634513,Worst,1567074.652,Unsafe,6339.486938,Unsafe,0.436525269,Low,24.44196256,Warm,0.87496984,Class3
P30_5,13.9623841,Worse,6301.821208,Unsafe,178.2881508,Excellent,0.442722015,Low,24.44673093,Warm,0.629967928,Class3
P30_6,293.9844267,Worst,121494.335,Unsafe,33813.58129,Unsafe,0.442722015,Low,24.14733315,Warm,0.599123716,Class3
P30_7,11.34562199,Worse,5982.711421,Unsafe,309.7394778,Excellent,0.421579193,Low,20.77236366,Warm,0.940413117,Class3
P30_8,62.49614165,Worst,30172.71715,Unsafe,59828.27352,Unsafe,0.602214478,Moderate,21.51838112,Warm,0.921662152,Class3
P30_9,63.2274785,Worst,10878.60457,Unsafe,24081.03702,Unsafe,0.578610474,Low,28.89280891,Hot,0.677934647,Class3
P30_10,36.95755004,Worst,3138.460836,Poor,726.2240445,Moderate,0.47839978,Low,27.39394315,Hot,0.470438093,Class2
P30_11,46.44234828,Worst,3468.691628,Poor,3344.150109,Unsafe,0.411826843,Low,27.52475929,Hot,0.619018257,Class3
P30_12,2.226041039,Good,986.1696574,Normal,57.0186971,Excellent,0.405973541,Low,27.59015083,Hot,0.449976683,Class2
P30_13,2.226041039,Good,986.1696574,Normal,57.0186971,Excellent,0.405973541,Low,27.59015083,Hot,0.450251073,Class2
P30_14,32.23669656,Worst,48084.28841,Unsafe,336.6672503,Excellent,0.353018982,Low,27.63983854,Hot,0.465331316,Class2
P30_15,0.074041552,Best,75.72370942,Good,135.175897,Excellent,0.415875061,Low,24.63068581,Warm,0.24329786,Class2
P30_16,0.065609918,Best,57.31827895,Good,117.6180064,Excellent,0.415875061,Low,24.80375353,Warm,0.254255652,Class2
P31_1,0,Best,0,Excellent,103.4897842,Excellent,0.637047913,Moderate,10.4012417,Cold,0.181867078,Class1
P31_2,0,Best,0,Excellent,103.4897842,Excellent,0.637047913,Moderate,10.4012417,Cold,0.193092942,Class1
P31_3,0.014509345,Best,26.940967,Good,103.492108,Excellent,0.637047913,Moderate,11.12310962,Cold,0.198071182,Class1
P31_4,0,Best,0,Excellent,103.4897842,Excellent,0.637047913,Moderate,10.4012417,Cold,0.193092942,Class1
P31_5,0.020234072,Best,34.54452213,Good,108.3883483,Excellent,0.587368774,Low,8.497229656,Cold,0.206123576,Class2
P31_6,0.020234072,Best,34.54452213,Good,108.3883483,Excellent,0.587368774,Low,8.497229656,Cold,0.201145336,Class2
P31_7,149.9664764,Worst,113627.5111,Unsafe,7255.471761,Unsafe,0.582404968,Low,11.20820284,Cold,0.75262183,Class3
P31_8,1.32296818,Best,1006.945578,Poor,31.62392457,Excellent,0.732453186,Moderate,5.9933997,Cold,0.246235043,Class2
P31_9,2.267618552,Good,649.701767,Normal,38.03047005,Excellent,0.602461548,Moderate,9.98466152,Cold,0.429609448,Class2
P32_1,53.92911277,Worst,5468.006973,Unsafe,7957.777592,Unsafe,0.598346802,Low,18.5183531,Cool,1.015431881,Class4
P32_2,0.946968305,Best,541.2906634,Normal,44.82194201,Excellent,0.547511658,Low,17.05434354,Cool,0.894943595,Class3
P32_3,2.342456212,Good,699.4574572,Normal,161.4757309,Excellent,0.570940247,Low,17.97949914,Cool,1.089404583,Class4
P32_4,2.472597564,Good,542.8066877,Normal,348.3654874,Excellent,0.565540222,Low,16.77505934,Cool,1.356085777,Class4
P32_5,6.145571093,Normal,2086.976034,Poor,885.1771342,Moderate,0.687747437,Moderate,16.48182356,Cool,1.190768361,Class4
P32_6,0.843902533,Best,129.1916755,Good,137.8182716,Excellent,0.849206055,Moderate,15.03122636,Cool,2.102052689,Class5
P32_7,132.4658635,Worst,26214.75077,Unsafe,7842.802335,Unsafe,0.820784912,Moderate,17.72417374,Cool,1.094837546,Class4
P34_1,0.294098071,Best,229.1760832,Normal,130.9489193,Excellent,0.538166443,Low,18.05509877,Cool,1.149481058,Class4
P34_2,33.64123053,Worst,32690.45227,Unsafe,663.3558353,Moderate,0.65101709,Moderate,18.04802887,Cool,1.065896153,Class4
P34_3,0.08183063,Best,85.07267404,Good,3.908684562,Excellent,0.729316589,Moderate,16.95138478,Cool,0.921267927,Class3
P34_4,36.81846318,Worst,19935.08572,Unsafe,8698.124044,Unsafe,0.541284302,Low,18.13745304,Cool,0.855548084,Class3
P34_5,0.719530769,Best,327.9194107,Normal,2985.94165,Poor,0.69888562,Moderate,15.84196146,Cool,1.289896727,Class4
P34_6,530.3659614,Worst,277303.7136,Unsafe,50786.87042,Unsafe,0.747350281,Moderate,17.19999369,Cool,1.340226531,Class4
P37_1,23.67559091,Worst,9099.891317,Unsafe,619.1790009,Moderate,0.572910645,Low,10.38301515,Cold,1.85606575,Class5
P37_2,2.108335217,Good,109.0289268,Good,336.8847122,Excellent,0.44006488,Low,10.2178769,Cold,1.442312241,Class4
P37_3,5.085546116,Normal,3388.275742,Poor,169.7427622,Excellent,0.606607239,Moderate,11.59007438,Cold,1.858328938,Class5
P37_4,213.2243428,Worst,8242.552714,Unsafe,9323.796783,Unsafe,0.977700012,Moderate,11.58084535,Cold,1.858328938,Class5
P37_5,20.15980575,Worst,2548.607922,Poor,805.3093974,Moderate,0.609873901,Moderate,11.04430564,Cold,1.838891625,Class5
P37_6,6.792327166,Normal,4903.542775,Unsafe,502.6174138,Moderate,0.605957398,Moderate,11.59978406,Cold,2.691139936,Class5
P41_1,0.124098752,Best,150.2228165,Good,79.88262494,Excellent,0.514382141,Low,15.95101098,Cool,0.612814128,Class3
P41_2,47.53234175,Worst,60469.72313,Unsafe,417.1559124,Excellent,0.533009583,Low,17.05722996,Cool,0.734179735,Class3
P41_3,7.162293245,Worse,5637.54067,Unsafe,137.4178282,Excellent,0.578970642,Low,12.90587548,Cold,0.734814227,Class3
P45_1,54.68454818,Worst,58216.59931,Unsafe,3161.173991,Unsafe,0.547549622,Low,10.26647612,Cold,1.564078569,Class5
P45_2,0.636045751,Best,77.10477225,Good,253.4310392,Excellent,0.547549622,Low,12.57050499,Cold,1.456859231,Class4
P45_3,392.6008533,Worst,411584.6367,Unsafe,2257.945847,Poor,0.548698853,Low,11.30604725,Cold,1.378463745,Class4
P45_4,237.0201057,Worst,191122.6309,Unsafe,4930.660184,Unsafe,0.5818797,Low,11.62554341,Cold,2.785889387,Class5
P45_5,237.0201057,Worst,191122.6309,Unsafe,4930.660184,Unsafe,0.5818797,Low,11.62554341,Cold,2.743095398,Class5
P45_6,237.0201057,Worst,191122.6309,Unsafe,4930.660184,Unsafe,0.5818797,Low,11.62554341,Cold,2.728830814,Class5
P46_1,0.472454796,Best,64.44984833,Good,180.202301,Excellent,0.507932159,Low,7.227263536,Cold,0.300317973,Class2
P46_2,0.236662975,Best,15.64418752,Excellent,178.7176928,Excellent,0.505023499,Low,8.167591488,Cold,0.371116251,Class2
P46_3,6.110053162,Normal,1771.106873,Poor,412.7444,Excellent,0.463850739,Low,7.512417215,Cold,0.554762602,Class3
P46_4,13.6007538,Worse,10741.33646,Unsafe,272.0414276,Excellent,0.884368774,Moderate,9.312188891,Cold,0.634810388,Class3
P49_1,3.024832734,Good,2341.350079,Poor,419.9985221,Excellent,0.78798291,Moderate,16.56043423,Cool,1.084068537,Class4
P49_2,1.710953642,Best,1302.207684,Poor,257.4141299,Excellent,0.78798291,Moderate,17.0012937,Cool,1.103249669,Class4
P49_3,19.3495156,Worst,13887.01171,Unsafe,2784.207374,Poor,0.78798291,Moderate,17.35588507,Cool,1.0603441,Class4
P49_4,1.710953642,Best,1302.207684,Poor,255.4640535,Excellent,0.78798291,Moderate,17.94995042,Cool,1.094500303,Class4
P49_5,2.157452155,Good,1673.106274,Poor,327.2775326,Excellent,0.65101709,Moderate,17.35598175,Cool,1.099593997,Class4
P49_6,2.157452155,Good,1673.106274,Poor,327.2775326,Excellent,0.65101709,Moderate,17.35598175,Cool,1.095968843,Class4
P49_7,24.21501973,Worst,17774.08647,Unsafe,3393.951565,Unsafe,0.65101709,Moderate,17.96446665,Cool,1.085414052,Class4
P49_8,1.710953662,Best,1302.207673,Poor,265.9405721,Excellent,0.65101709,Moderate,18.05169098,Cool,1.100343466,Class4
P49_9,24.21501973,Worst,17774.08647,Unsafe,3393.951565,Unsafe,0.65101709,Moderate,17.96446665,Cool,1.068420172,Class4
P49_10,24.67020604,Worst,17732.15355,Unsafe,3541.541063,Unsafe,0.65101709,Moderate,17.50115641,Cool,1.04923892,Class4
P49_11,9.310042093,Worse,6799.017479,Unsafe,1319.528796,Poor,0.65101709,Moderate,16.53647797,Cool,1.068588495,Class4
P49_12,3.350810278,Good,2545.987113,Poor,487.3311001,Excellent,0.65101709,Moderate,17.94599334,Cool,1.087769747,Class4
P49_13,23.3509713,Worst,17029.23345,Unsafe,3350.146865,Unsafe,0.78798291,Moderate,13.43236973,Cold,1.123654962,Class4
P49_14,2.157452155,Good,1673.106274,Poor,327.2775326,Excellent,0.65101709,Moderate,17.35598175,Cool,1.095280647,Class4
P49_15,1.710953662,Best,1302.207673,Poor,265.9405721,Excellent,0.65101709,Moderate,18.05169098,Cool,1.10690558,Class4
P49_16,5.301570387,Normal,4105.811092,Unsafe,740.7382476,Moderate,0.78798291,Moderate,17.60305711,Cool,1.113467813,Class4
P49_17,1.710953642,Best,1302.207684,Poor,255.4640535,Excellent,0.78798291,Moderate,17.94995042,Cool,1.107287765,Class4
P49_18,5.301570387,Normal,4105.811092,Unsafe,740.7382476,Moderate,0.78798291,Moderate,17.60305711,Cool,1.115868926,Class4
P49_19,5.301570387,Normal,4105.811092,Unsafe,740.7382476,Moderate,0.78798291,Moderate,17.60305711,Cool,1.119280338,Class4
P49_20,1.710953642,Best,1302.207684,Poor,255.4640535,Excellent,0.78798291,Moderate,17.94995042,Cool,1.103081346,Class4
P49_21,1.710953642,Best,1302.207684,Poor,255.4640535,Excellent,0.78798291,Moderate,17.94995042,Cool,1.092481256,Class4
P49_22,1.710953662,Best,1302.207673,Poor,265.9405721,Excellent,0.65101709,Moderate,18.05169098,Cool,1.101093054,Class4
P49_23,5.301570387,Normal,4105.811092,Unsafe,740.7382476,Moderate,0.78798291,Moderate,17.60305711,Cool,1.106966972,Class4
P49_24,3.216409796,Good,2429.827084,Poor,470.9065501,Excellent,0.78798291,Moderate,17.28850734,Cool,1.107716441,Class4
P49_25,26.78849133,Worst,20002.00795,Unsafe,3713.149111,Unsafe,0.65101709,Moderate,17.34909495,Cool,1.098967075,Class4
P49_26,1.672796684,Best,241.1364746,Normal,2929.939026,Poor,0.820784912,Moderate,16.13948238,Cool,1.139438868,Class4
P49_27,2.157452155,Good,1673.106274,Poor,327.2775326,Excellent,0.65101709,Moderate,17.35598175,Cool,1.097406626,Class4
P51_1,3.417768588,Good,325.6301181,Normal,406.1168823,Excellent,0.452997803,Low,9.671492672,Cold,0.845615685,Class3
P51_2,3.968341162,Good,4731.334381,Unsafe,274.0972061,Excellent,0.403459686,Low,8.838879009,Cold,0.915040314,Class3
P51_3,4.062726935,Normal,1644.400889,Poor,349.3010661,Excellent,0.437242889,Low,8.90870068,Cold,0.855893314,Class3
P51_4,0.049979618,Best,14.54895131,Excellent,262.9055761,Excellent,0.51896051,Low,9.447890377,Cold,0.969846427,Class3
P51_5,4.582676649,Normal,1272.220393,Poor,441.2193476,Excellent,0.554401733,Low,9.508856828,Cold,0.851968288,Class3
P51_6,116.7987132,Worst,112171.7637,Unsafe,937.7531242,Moderate,0.436360169,Low,9.201089601,Cold,0.73853761,Class3
P51_7,90.37370688,Worst,39942.0121,Unsafe,608.3852971,Moderate,0.468099365,Low,9.36407127,Cold,0.971038699,Class3
P51_8,2.546045924,Good,1407.694078,Poor,529.4612071,Moderate,0.485444,Low,9.262534191,Cold,0.665270925,Class3
P51_9,2.546045924,Good,1407.694078,Poor,529.4612071,Moderate,0.485444,Low,9.262534191,Cold,0.665270925,Class3
P51_10,9.885069996,Worse,7800.81041,Unsafe,283.8162231,Excellent,0.485444,Low,9.216508597,Cold,0.629701257,Class3
P51_11,2.546045924,Good,1407.694078,Poor,529.4612071,Moderate,0.485444,Low,9.262534191,Cold,0.722799718,Class3
P51_12,3.089137591,Good,1261.883097,Poor,227.7430687,Excellent,0.459513031,Low,10.00785486,Cold,0.558515191,Class3
P51_13,167.6636235,Worst,65241.40994,Unsafe,3183.607849,Unsafe,0.641673401,Moderate,9.009818137,Cold,0.611987233,Class3
P51_14,8.441202104,Worse,2084.429423,Poor,230.9260712,Excellent,0.509874085,Low,8.501331702,Cold,1.227827311,Class4
P51_15,0.103420334,Best,0.042235251,Excellent,310.1878535,Excellent,0.504496857,Low,8.869231284,Cold,1.136652946,Class4
P55_1,4.788107028,Normal,3260.441132,Poor,1186.527552,Poor,0.655433716,Moderate,15.83920979,Cool,1.092169046,Class4
P55_2,4.788107028,Normal,3260.441132,Poor,1186.527552,Poor,0.655433716,Moderate,15.83920979,Cool,1.091684818,Class4
P55_3,4.788107028,Normal,3260.441132,Poor,1186.527552,Poor,0.655433716,Moderate,15.83920979,Cool,1.089219332,Class4
P55_4,4.788107028,Normal,3260.441132,Poor,1186.527552,Poor,0.655433716,Moderate,15.83920979,Cool,1.092169046,Class4
P55_5,4.788107028,Normal,3260.441132,Poor,1186.527552,Poor,0.655433716,Moderate,15.83920979,Cool,1.092169046,Class4
P55_6,4.788107028,Normal,3260.441132,Poor,1186.527552,Poor,0.655433716,Moderate,15.83920979,Cool,1.089703441,Class4
P55_7,4.788107028,Normal,3260.441132,Poor,1186.527552,Poor,0.655433716,Moderate,15.83920979,Cool,1.092169046,Class4
P55_8,4.788107028,Normal,3260.441132,Poor,1186.527552,Poor,0.655433716,Moderate,15.83920979,Cool,1.095118761,Class4
P55_9,4.788107028,Normal,3260.441132,Poor,1186.527552,Poor,0.655433716,Moderate,15.83920979,Cool,1.088735104,Class4
P55_10,4.788107028,Normal,3260.441132,Poor,1186.527552,Poor,0.655433716,Moderate,15.83920979,Cool,1.088735104,Class4
P55_11,4.788107028,Normal,3260.441132,Poor,1186.527552,Poor,0.655433716,Moderate,15.83920979,Cool,1.095118761,Class4
P55_12,0.869986157,Best,605.725565,Normal,258.9027252,Excellent,0.655433716,Moderate,16.57623474,Cool,1.095118761,Class4
P55_13,4.788107028,Normal,3260.441132,Poor,1186.527552,Poor,0.655433716,Moderate,15.83920979,Cool,1.094634652,Class4
P55_14,0.869986157,Best,605.725565,Normal,258.9027252,Excellent,0.655433716,Moderate,16.57623474,Cool,1.092653155,Class4
P55_15,5.194841281,Normal,3551.418614,Poor,1303.79696,Poor,0.655433716,Moderate,15.4305743,Cool,1.092697859,Class4
P55_16,1.831898174,Best,1095.6347,Poor,577.7209949,Moderate,0.655433716,Moderate,17.15436737,Cool,1.095647573,Class4
P55_17,0.869986157,Best,605.725565,Normal,258.9027252,Excellent,0.655433716,Moderate,16.57623474,Cool,1.097584367,Class4
P55_18,5.194841281,Normal,3551.418614,Poor,1303.79696,Poor,0.655433716,Moderate,15.4305743,Cool,1.092213631,Class4
P55_19,11.95293454,Worse,8262.778289,Unsafe,2830.5037,Poor,0.655433716,Moderate,15.79914276,Cool,1.09811306,Class4
P55_20,0.869986157,Best,605.725565,Normal,258.9027252,Excellent,0.655433716,Moderate,16.57623474,Cool,1.103483915,Class4
P55_21,0.869986157,Best,605.725565,Normal,258.9027252,Excellent,0.655433716,Moderate,16.57623474,Cool,1.098068595,Class4
P55_22,0.869986157,Best,605.725565,Normal,258.9027252,Excellent,0.655433716,Moderate,16.57623474,Cool,1.097584367,Class4
P55_23,0.869986157,Best,605.725565,Normal,258.9027252,Excellent,0.655433716,Moderate,16.57623474,Cool,1.095118761,Class4
P55_24,0.869986157,Best,605.725565,Normal,258.9027252,Excellent,0.655433716,Moderate,16.57623474,Cool,1.095602989,Class4
P55_25,0.869986157,Best,605.725565,Normal,258.9027252,Excellent,0.655433716,Moderate,16.57623474,Cool,1.098068595,Class4
P60_1,184.5365064,Worst,154209.7119,Unsafe,6814.93976,Unsafe,0.778285889,Moderate,17.14065731,Cool,1.458078623,Class4
P60_2,114.1408533,Worst,57043.93379,Unsafe,16853.0522,Unsafe,0.655433716,Moderate,17.80228603,Cool,1.08578527,Class4
P60_3,1.179378328,Best,150.2272808,Good,1608.396011,Poor,0.886655212,Moderate,16.42441992,Cool,1.170776844,Class4
P60_4,21.99115447,Worst,7847.114843,Unsafe,1183.010469,Poor,0.78798291,Moderate,17.50533728,Cool,1.09703505,Class4
P60_5,1.152954539,Best,860.3046494,Normal,181.8278325,Excellent,0.65101709,Moderate,17.13178686,Cool,1.097406626,Class4
P60_6,12.84769535,Worse,10357.17379,Unsafe,100.0033169,Excellent,0.523810852,Low,17.56414211,Cool,1.060172558,Class4
P60_7,0.04920536,Best,52.33703919,Good,3.120344937,Excellent,0.729316589,Moderate,15.7868772,Cool,0.926225424,Class3
P60_8,4.845098104,Normal,2261.010118,Poor,1155.861472,Poor,0.541284302,Low,17.11613389,Cool,1.036396146,Class4
P60_9,1.157098752,Best,438.5083536,Normal,397.4718599,Excellent,0.65480426,Moderate,16.04004339,Cool,1.197903156,Class4
P60_10,30.46417955,Worst,10805.0448,Unsafe,4844.58379,Unsafe,0.68720282,Moderate,16.3994718,Cool,1.498286843,Class4
P61_1,194.5087948,Worst,155905.0178,Unsafe,583.468869,Moderate,0.659337524,Moderate,7.673763673,Cold,0.510277331,Class3
P61_2,79.41894293,Worst,14854.68674,Unsafe,523.0065918,Moderate,0.659337524,Moderate,7.718952576,Cold,0.508476257,Class3
P61_3,234.5464301,Worst,22377.7657,Unsafe,14833.40263,Unsafe,0.589758301,Low,7.728204492,Cold,0.4677504,Class2
P61_4,0.144745382,Best,14.99871292,Excellent,133.6083221,Excellent,0.739158386,Moderate,7.184851694,Cold,0.56805706,Class3
P61_5,147.251578,Worst,32084.68341,Unsafe,761.7732574,Moderate,0.628898132,Moderate,8.856446966,Cold,0.959152281,Class3
P61_6,49.19282057,Worst,10174.61376,Unsafe,359.2911163,Excellent,0.59829895,Low,8.862052028,Cold,0.545906961,Class3
P61_7,45.82416243,Worst,7871.606373,Unsafe,449.9735357,Excellent,1.148933838,High,7.785262199,Cold,0.477132827,Class2
P61_8,6.277329654,Normal,3366.806529,Poor,214.4019267,Excellent,1.074480469,High,7.742420605,Cold,1.044457316,Class4
P63_1,308.1019536,Worst,11059.18071,Unsafe,2430.392706,Poor,0.573427429,Low,22.19075712,Warm,0.902892232,Class3
P63_2,0.501811707,Best,30.53501105,Good,1126.228462,Poor,0.789149475,Moderate,0.100000001,Cold,1.646482825,Class5
P63_3,36.82357416,Worst,15093.49441,Unsafe,990.4941105,Moderate,0.774448731,Moderate,13.39220093,Cold,1.935181022,Class5
P65_1,23.48794969,Worst,42066.98991,Unsafe,1338.213735,Poor,0.333560638,Low,16.05178769,Cool,0.279898763,Class2
P65_2,0.926210602,Best,376.7566223,Normal,745.2042033,Moderate,0.412870026,Low,15.06399981,Cool,1.075285792,Class4
P65_3,0.054883511,Best,7.363593996,Excellent,23.12008858,Excellent,0.35976355,Low,17.72231992,Cool,0.722875118,Class3
P65_4,0.061323957,Best,11.20640665,Excellent,17.26318582,Excellent,0.371962952,Low,17.69208972,Cool,0.673631489,Class3
P65_5,0.061323957,Best,11.20640665,Excellent,17.26318582,Excellent,0.371962952,Low,17.69208972,Cool,0.682294488,Class3
P65_6,0.054883511,Best,7.363593996,Excellent,23.12008858,Excellent,0.35976355,Low,17.72231992,Cool,0.716143489,Class3
P65_7,2.062067717,Good,1998.488271,Poor,47.91492367,Excellent,0.49010849,Low,18.14045652,Cool,0.752980351,Class3
P65_8,0.0279499,Best,11.79442612,Excellent,1.020112594,Excellent,0.41627182,Low,17.07555072,Cool,0.697297752,Class3
P65_9,4.185074421,Normal,3685.275421,Poor,1442.313715,Poor,0.371962952,Low,16.39166705,Cool,0.586687744,Class3
P65_10,0.23455344,Best,74.24108887,Good,23.14930105,Excellent,0.49010849,Low,16.98409716,Cool,0.77828449,Class3
P65_11,1.943160701,Best,2983.879214,Poor,58.80146408,Excellent,0.443718872,Low,19.15292549,Cool,0.620973349,Class3
P65_12,0.49793357,Best,477.7950643,Normal,3.262084921,Excellent,0.474489075,Low,19.08846982,Cool,0.45534724,Class2
P65_13,0.864219422,Best,455.0981649,Normal,45.2755696,Excellent,0.441126465,Low,20.28148333,Warm,0.452640235,Class2
P65_14,0.964664382,Best,1783.22718,Poor,71.6223526,Excellent,0.351795746,Low,17.30916023,Cool,0.434216708,Class2
P65_15,45.66491749,Worst,8843.396721,Unsafe,687.9925734,Moderate,0.338534515,Low,17.4792881,Cool,0.677792251,Class3
P65_16,2.348781261,Good,2782.410536,Poor,130.8931358,Excellent,0.466949738,Low,15.75406329,Cool,0.701454222,Class3
P65_17,1.153352472,Best,344.8409386,Normal,911.6758321,Moderate,0.362292999,Low,17.84242185,Cool,0.867646217,Class3
P65_18,39.15357383,Worst,29898.09112,Unsafe,2109.34942,Poor,0.330520996,Low,17.53779793,Cool,0.764735341,Class3
P65_19,41.80980587,Worst,34719.3758,Unsafe,62.89666384,Excellent,0.325569458,Low,15.80990283,Cool,0.525073647,Class3
P65_20,22.19361989,Worst,1480.870051,Poor,790.4686228,Moderate,0.385407318,Low,18.01632373,Cool,0.740084827,Class3
P65_21,0.336982885,Best,148.5642821,Good,73.89431381,Excellent,0.516931763,Low,17.98081398,Cool,0.620782018,Class3
P65_22,36.11256313,Worst,15632.58252,Unsafe,685.7105967,Moderate,0.516132263,Low,20.55095863,Warm,0.90036279,Class3
P65_23,57.8211476,Worst,38797.73307,Unsafe,608.8781408,Moderate,0.478088745,Low,18.04438718,Cool,1.143153906,Class4
P65_24,0.204490039,Best,198.357,Good,90.78487714,Excellent,0.383172241,Low,15.50999387,Cool,0.243493125,Class2
P65_25,2.746819556,Good,1568.432007,Poor,82.50531069,Excellent,0.360863709,Low,16.85537402,Cool,0.679807723,Class3
P65_26,10.95016416,Worse,2725.036133,Poor,2245.961797,Poor,0.360863709,Low,17.08189074,Cool,0.716512918,Class3
P65_27,37.61514244,Worst,18614.88794,Unsafe,552.5573241,Moderate,0.644124634,Moderate,18.49193505,Cool,0.420981079,Class2
P65_28,9.884493748,Worse,726.696991,Normal,446.5573578,Excellent,0.41963446,Low,20.41146787,Warm,0.564157069,Class3
P65_29,0.021348304,Best,5.215397259,Excellent,45.83747737,Excellent,0.481363373,Low,16.93397705,Cool,0.845694482,Class3
P65_30,9.486661752,Worse,1225.86247,Poor,219.7962672,Excellent,0.440821899,Low,17.74724257,Cool,0.777525485,Class3
P65_31,58.93013948,Worst,15854.19538,Unsafe,2903.693499,Poor,0.677779846,Moderate,18.17555678,Cool,0.679002166,Class3
P65_32,0.143922929,Best,18.04062053,Excellent,122.7538274,Excellent,0.675040527,Moderate,19.42792932,Cool,0.732467949,Class3
P65_33,44.47028087,Worst,11709.94904,Unsafe,5285.468992,Unsafe,0.675040527,Moderate,17.96820509,Cool,0.678887367,Class3
P65_34,0.003053098,Best,0.633138222,Excellent,12.97883073,Excellent,0.582726196,Low,18.38126806,Cool,0.613278866,Class3
P65_35,2.019055986,Good,381.6234142,Normal,103.3412952,Excellent,0.468100159,Low,19.25208469,Cool,0.592941582,Class3
P65_36,1.060255979,Best,70.97922468,Good,167.8205477,Excellent,0.315051941,Low,21.39728737,Warm,0.788481116,Class3
P65_37,2.570508393,Good,602.4286385,Normal,1885.041681,Poor,0.636500977,Moderate,18.42568648,Cool,0.670162499,Class3
P65_38,0.017006173,Best,0.55182392,Excellent,134.6914069,Excellent,0.715319641,Moderate,17.89304785,Cool,0.770135045,Class3
P65_39,42.08021964,Worst,13626.09244,Unsafe,1667.757593,Poor,0.695591675,Moderate,19.23009932,Cool,0.557349086,Class3
P65_40,34.14226672,Worst,1993.179777,Poor,1168.136756,Poor,0.610394592,Moderate,19.52121921,Cool,0.669273436,Class3
P65_41,1.528679822,Best,330.4039695,Normal,1474.278114,Poor,0.547170776,Low,18.48686914,Cool,0.6787166,Class3
P65_42,2.471071853,Good,703.3811462,Normal,1989.418826,Poor,0.547170776,Low,18.50122257,Cool,0.680947363,Class3
P65_43,12.33766316,Worse,1936.031334,Poor,393.2748524,Excellent,0.48196698,Low,17.61598643,Cool,0.790956795,Class3
P65_44,38.35398755,Worst,4153.536767,Unsafe,9870.714777,Unsafe,0.664168945,Moderate,18.09168426,Cool,0.629679739,Class3
P65_45,9.002827654,Worse,281.0468593,Normal,113.1890078,Excellent,0.599218323,Low,16.13073909,Cool,0.77902776,Class3
P65_46,15.26703,Worst,3868.493808,Poor,648.0268116,Moderate,0.644209045,Moderate,16.52340877,Cool,0.80859679,Class3
P65_47,0.476186657,Best,51.03221514,Good,75.89292526,Excellent,0.580089661,Low,22.00695467,Warm,0.645697355,Class3
P65_48,2.584440152,Good,219.9067656,Normal,469.2792727,Excellent,0.580089661,Low,20.97319221,Warm,0.810560524,Class3
P65_49,6.266877731,Normal,611.1822917,Normal,2058.836058,Poor,0.59992926,Low,21.71674283,Warm,0.848336875,Class3
P65_50,18.97208937,Worst,6169.129817,Unsafe,1203.891421,Poor,0.484734039,Low,20.61583392,Warm,0.530800164,Class3
P65_51,0.00621054,Best,1.542597234,Excellent,209.8252462,Excellent,0.69355719,Moderate,20.66190783,Warm,0.981358647,Class3
P65_52,9.313783805,Worse,417.3225466,Normal,619.7268168,Moderate,0.66722345,Moderate,21.74003537,Warm,0.869048238,Class3
P67_1,154.4539361,Worst,47459.22164,Unsafe,1284.205242,Poor,0.587355042,Low,7.927097722,Cold,0.617326379,Class3
P67_2,829.2747053,Worst,1058238.979,Unsafe,4428.270386,Unsafe,0.612075806,Moderate,8.897391403,Cold,0.958649516,Class3
P67_3,32.43337801,Worst,1890.926485,Poor,238.1770884,Excellent,0.573160095,Low,8.718204898,Cold,0.615429997,Class3
P67_4,697.8293754,Worst,619294.8585,Unsafe,1434.207255,Poor,0.61895752,Moderate,9.039343918,Cold,0.781508267,Class3
P67_5,697.8293754,Worst,619294.8585,Unsafe,1434.207255,Poor,0.61895752,Moderate,9.039343918,Cold,0.77857846,Class3
P67_6,13.8539633,Worse,1291.720189,Poor,463.7443568,Excellent,0.587632874,Low,8.109351249,Cold,0.661953092,Class3
P67_7,0.168767815,Best,7.29974854,Excellent,207.0625318,Excellent,1.074480469,High,7.909112663,Cold,0.734430432,Class3
P67_8,0.902602121,Best,14.35317459,Excellent,187.7882436,Excellent,0.48975528,Low,8.662881653,Cold,0.395308524,Class2
P67_9,16.45615785,Worst,5524.160734,Unsafe,249.5162671,Excellent,0.572148254,Low,8.390344435,Cold,1.136667967,Class4